{
  "by_method": {
    "no_coord_best_of_k_shortest": {
      "crossplay_gap": null,
      "json_valid_rate": 1.0,
      "listener_success_stdev": 0.018856180831641284,
      "mean_tokens": 7.08,
      "n_records": 150,
      "n_scenes": 50,
      "sameplay_success": null,
      "success": 0.7866666666666666,
      "success_ci95": [
        0.7133333333333334,
        0.8533333333333334
      ]
    },
    "no_coord_consensus_info": {
      "crossplay_gap": null,
      "json_valid_rate": 1.0,
      "listener_success_stdev": 0.009428090415820642,
      "mean_tokens": 12.4,
      "n_records": 150,
      "n_scenes": 50,
      "sameplay_success": null,
      "success": 0.9933333333333333,
      "success_ci95": [
        0.98,
        1.0
      ]
    },
    "no_coord_direct_first": {
      "crossplay_gap": null,
      "json_valid_rate": 1.0,
      "listener_success_stdev": 0.009428090415820642,
      "mean_tokens": 12.84,
      "n_records": 150,
      "n_scenes": 50,
      "sameplay_success": null,
      "success": 0.9933333333333333,
      "success_ci95": [
        0.98,
        1.0
      ]
    },
    "no_coord_informative": {
      "crossplay_gap": null,
      "json_valid_rate": 1.0,
      "listener_success_stdev": 0.009428090415820642,
      "mean_tokens": 12.4,
      "n_records": 150,
      "n_scenes": 50,
      "sameplay_success": null,
      "success": 0.9933333333333333,
      "success_ci95": [
        0.98,
        1.0
      ]
    },
    "no_coord_mirror": {
      "crossplay_gap": 0.1333333333333333,
      "json_valid_rate": 1.0,
      "listener_success_stdev": 0.0659966329107444,
      "mean_tokens": 8.68,
      "n_records": 150,
      "n_scenes": 50,
      "sameplay_success": 0.98,
      "success": 0.8466666666666667,
      "success_ci95": [
        0.7733333333333333,
        0.9133333333333333
      ]
    },
    "no_coord_oracle": {
      "crossplay_gap": null,
      "json_valid_rate": 1.0,
      "listener_success_stdev": 0.0,
      "mean_tokens": 9.42,
      "n_records": 150,
      "n_scenes": 50,
      "sameplay_success": null,
      "success": 1.0,
      "success_ci95": [
        1.0,
        1.0
      ]
    },
    "no_coord_population": {
      "crossplay_gap": -0.2600000000000001,
      "json_valid_rate": 1.0,
      "listener_success_stdev": 0.018856180831641284,
      "mean_tokens": 8.52,
      "n_records": 150,
      "n_scenes": 50,
      "sameplay_success": 0.5733333333333333,
      "success": 0.8333333333333334,
      "success_ci95": [
        0.76,
        0.9066666666666666
      ]
    }
  },
  "by_scenario_method": {
    "perspective_shift": {
      "no_coord_best_of_k_shortest": {
        "crossplay_gap": null,
        "json_valid_rate": 1.0,
        "listener_success_stdev": 0.018856180831641284,
        "mean_tokens": 7.08,
        "n_records": 150,
        "n_scenes": 50,
        "sameplay_success": null,
        "success": 0.7866666666666666,
        "success_ci95": [
          0.7133333333333334,
          0.8533333333333334
        ]
      },
      "no_coord_consensus_info": {
        "crossplay_gap": null,
        "json_valid_rate": 1.0,
        "listener_success_stdev": 0.009428090415820642,
        "mean_tokens": 12.4,
        "n_records": 150,
        "n_scenes": 50,
        "sameplay_success": null,
        "success": 0.9933333333333333,
        "success_ci95": [
          0.98,
          1.0
        ]
      },
      "no_coord_direct_first": {
        "crossplay_gap": null,
        "json_valid_rate": 1.0,
        "listener_success_stdev": 0.009428090415820642,
        "mean_tokens": 12.84,
        "n_records": 150,
        "n_scenes": 50,
        "sameplay_success": null,
        "success": 0.9933333333333333,
        "success_ci95": [
          0.98,
          1.0
        ]
      },
      "no_coord_informative": {
        "crossplay_gap": null,
        "json_valid_rate": 1.0,
        "listener_success_stdev": 0.009428090415820642,
        "mean_tokens": 12.4,
        "n_records": 150,
        "n_scenes": 50,
        "sameplay_success": null,
        "success": 0.9933333333333333,
        "success_ci95": [
          0.98,
          1.0
        ]
      },
      "no_coord_mirror": {
        "crossplay_gap": 0.1333333333333333,
        "json_valid_rate": 1.0,
        "listener_success_stdev": 0.0659966329107444,
        "mean_tokens": 8.68,
        "n_records": 150,
        "n_scenes": 50,
        "sameplay_success": 0.98,
        "success": 0.8466666666666667,
        "success_ci95": [
          0.7733333333333333,
          0.9133333333333333
        ]
      },
      "no_coord_oracle": {
        "crossplay_gap": null,
        "json_valid_rate": 1.0,
        "listener_success_stdev": 0.0,
        "mean_tokens": 9.42,
        "n_records": 150,
        "n_scenes": 50,
        "sameplay_success": null,
        "success": 1.0,
        "success_ci95": [
          1.0,
          1.0
        ]
      },
      "no_coord_population": {
        "crossplay_gap": -0.2600000000000001,
        "json_valid_rate": 1.0,
        "listener_success_stdev": 0.018856180831641284,
        "mean_tokens": 8.52,
        "n_records": 150,
        "n_scenes": 50,
        "sameplay_success": 0.5733333333333333,
        "success": 0.8333333333333334,
        "success_ci95": [
          0.76,
          0.9066666666666666
        ]
      }
    }
  },
  "candidate_filter": {
    "excluded_candidates": 52,
    "kept_candidates": 148,
    "name": "no_exact_coordinates",
    "skipped_scenes": 0,
    "total_candidates": 200,
    "total_scenes": 50
  },
  "overall": {
    "crossplay_gap": -0.14428571428571435,
    "json_valid_rate": 1.0,
    "listener_success_stdev": 0.005387480237611803,
    "mean_tokens": 10.191428571428572,
    "n_records": 1050,
    "n_scenes": 50,
    "sameplay_success": 0.7766666666666666,
    "success": 0.920952380952381,
    "success_ci95": [
      0.8904761904761904,
      0.9485714285714286
    ]
  }
}
