{
  "by_method": {
    "no_coord_best_of_k_shortest": {
      "crossplay_gap": null,
      "json_valid_rate": 1.0,
      "listener_success_stdev": 0.14636332266733434,
      "mean_tokens": 4.04,
      "n_records": 150,
      "n_scenes": 50,
      "sameplay_success": null,
      "success": 0.31333333333333335,
      "success_ci95": [
        0.24666666666666667,
        0.38
      ]
    },
    "no_coord_consensus_info": {
      "crossplay_gap": null,
      "json_valid_rate": 1.0,
      "listener_success_stdev": 0.009428090415820642,
      "mean_tokens": 12.76,
      "n_records": 150,
      "n_scenes": 50,
      "sameplay_success": null,
      "success": 0.9866666666666667,
      "success_ci95": [
        0.96,
        1.0
      ]
    },
    "no_coord_direct_first": {
      "crossplay_gap": null,
      "json_valid_rate": 1.0,
      "listener_success_stdev": 0.1131370849898476,
      "mean_tokens": 9.96,
      "n_records": 150,
      "n_scenes": 50,
      "sameplay_success": null,
      "success": 0.74,
      "success_ci95": [
        0.6466666666666666,
        0.8333333333333334
      ]
    },
    "no_coord_informative": {
      "crossplay_gap": null,
      "json_valid_rate": 1.0,
      "listener_success_stdev": 0.018856180831641284,
      "mean_tokens": 12.86,
      "n_records": 150,
      "n_scenes": 50,
      "sameplay_success": null,
      "success": 0.9733333333333334,
      "success_ci95": [
        0.9333333333333333,
        1.0
      ]
    },
    "no_coord_mirror": {
      "crossplay_gap": 0.31333333333333335,
      "json_valid_rate": 1.0,
      "listener_success_stdev": 0.22171052197754523,
      "mean_tokens": 7.56,
      "n_records": 150,
      "n_scenes": 50,
      "sameplay_success": 0.92,
      "success": 0.6066666666666667,
      "success_ci95": [
        0.52,
        0.7133333333333334
      ]
    },
    "no_coord_oracle": {
      "crossplay_gap": null,
      "json_valid_rate": 1.0,
      "listener_success_stdev": 0.0,
      "mean_tokens": 11.52,
      "n_records": 150,
      "n_scenes": 50,
      "sameplay_success": null,
      "success": 1.0,
      "success_ci95": [
        1.0,
        1.0
      ]
    },
    "no_coord_population": {
      "crossplay_gap": 0.09999999999999998,
      "json_valid_rate": 1.0,
      "listener_success_stdev": 0.13695092389449426,
      "mean_tokens": 9.32,
      "n_records": 150,
      "n_scenes": 50,
      "sameplay_success": 0.8266666666666667,
      "success": 0.7266666666666667,
      "success_ci95": [
        0.64,
        0.82
      ]
    }
  },
  "by_scenario_method": {
    "partial_observability": {
      "no_coord_best_of_k_shortest": {
        "crossplay_gap": null,
        "json_valid_rate": 1.0,
        "listener_success_stdev": 0.14636332266733434,
        "mean_tokens": 4.04,
        "n_records": 150,
        "n_scenes": 50,
        "sameplay_success": null,
        "success": 0.31333333333333335,
        "success_ci95": [
          0.24666666666666667,
          0.38
        ]
      },
      "no_coord_consensus_info": {
        "crossplay_gap": null,
        "json_valid_rate": 1.0,
        "listener_success_stdev": 0.009428090415820642,
        "mean_tokens": 12.76,
        "n_records": 150,
        "n_scenes": 50,
        "sameplay_success": null,
        "success": 0.9866666666666667,
        "success_ci95": [
          0.96,
          1.0
        ]
      },
      "no_coord_direct_first": {
        "crossplay_gap": null,
        "json_valid_rate": 1.0,
        "listener_success_stdev": 0.1131370849898476,
        "mean_tokens": 9.96,
        "n_records": 150,
        "n_scenes": 50,
        "sameplay_success": null,
        "success": 0.74,
        "success_ci95": [
          0.6466666666666666,
          0.8333333333333334
        ]
      },
      "no_coord_informative": {
        "crossplay_gap": null,
        "json_valid_rate": 1.0,
        "listener_success_stdev": 0.018856180831641284,
        "mean_tokens": 12.86,
        "n_records": 150,
        "n_scenes": 50,
        "sameplay_success": null,
        "success": 0.9733333333333334,
        "success_ci95": [
          0.9333333333333333,
          1.0
        ]
      },
      "no_coord_mirror": {
        "crossplay_gap": 0.31333333333333335,
        "json_valid_rate": 1.0,
        "listener_success_stdev": 0.22171052197754523,
        "mean_tokens": 7.56,
        "n_records": 150,
        "n_scenes": 50,
        "sameplay_success": 0.92,
        "success": 0.6066666666666667,
        "success_ci95": [
          0.52,
          0.7133333333333334
        ]
      },
      "no_coord_oracle": {
        "crossplay_gap": null,
        "json_valid_rate": 1.0,
        "listener_success_stdev": 0.0,
        "mean_tokens": 11.52,
        "n_records": 150,
        "n_scenes": 50,
        "sameplay_success": null,
        "success": 1.0,
        "success_ci95": [
          1.0,
          1.0
        ]
      },
      "no_coord_population": {
        "crossplay_gap": 0.09999999999999998,
        "json_valid_rate": 1.0,
        "listener_success_stdev": 0.13695092389449426,
        "mean_tokens": 9.32,
        "n_records": 150,
        "n_scenes": 50,
        "sameplay_success": 0.8266666666666667,
        "success": 0.7266666666666667,
        "success_ci95": [
          0.64,
          0.82
        ]
      }
    }
  },
  "candidate_filter": {
    "excluded_candidates": 50,
    "kept_candidates": 150,
    "name": "no_exact_coordinates",
    "skipped_scenes": 0,
    "total_candidates": 200,
    "total_scenes": 50
  },
  "overall": {
    "crossplay_gap": 0.10952380952380947,
    "json_valid_rate": 1.0,
    "listener_success_stdev": 0.0923269356068355,
    "mean_tokens": 9.717142857142857,
    "n_records": 1050,
    "n_scenes": 50,
    "sameplay_success": 0.8733333333333333,
    "success": 0.7638095238095238,
    "success_ci95": [
      0.7285714285714285,
      0.800952380952381
    ]
  }
}
