{
  "by_method": {
    "no_coord_best_of_k_shortest": {
      "crossplay_gap": null,
      "json_valid_rate": 1.0,
      "listener_success_stdev": 0.10873004286866728,
      "mean_tokens": 4.58,
      "n_records": 150,
      "n_scenes": 50,
      "sameplay_success": null,
      "success": 0.36666666666666664,
      "success_ci95": [
        0.26,
        0.47333333333333333
      ]
    },
    "no_coord_consensus_info": {
      "crossplay_gap": null,
      "json_valid_rate": 1.0,
      "listener_success_stdev": 0.043204937989385774,
      "mean_tokens": 12.54,
      "n_records": 150,
      "n_scenes": 50,
      "sameplay_success": null,
      "success": 0.76,
      "success_ci95": [
        0.6533333333333333,
        0.8533333333333334
      ]
    },
    "no_coord_direct_first": {
      "crossplay_gap": null,
      "json_valid_rate": 1.0,
      "listener_success_stdev": 0.018856180831641232,
      "mean_tokens": 11.7,
      "n_records": 150,
      "n_scenes": 50,
      "sameplay_success": null,
      "success": 0.5533333333333333,
      "success_ci95": [
        0.44,
        0.6733333333333333
      ]
    },
    "no_coord_informative": {
      "crossplay_gap": null,
      "json_valid_rate": 1.0,
      "listener_success_stdev": 0.043204937989385774,
      "mean_tokens": 12.54,
      "n_records": 150,
      "n_scenes": 50,
      "sameplay_success": null,
      "success": 0.76,
      "success_ci95": [
        0.6533333333333333,
        0.8533333333333334
      ]
    },
    "no_coord_mirror": {
      "crossplay_gap": 0.42000000000000004,
      "json_valid_rate": 1.0,
      "listener_success_stdev": 0.07118052168020875,
      "mean_tokens": 8.28,
      "n_records": 150,
      "n_scenes": 50,
      "sameplay_success": 1.0,
      "success": 0.58,
      "success_ci95": [
        0.4666666666666667,
        0.68
      ]
    },
    "no_coord_oracle": {
      "crossplay_gap": null,
      "json_valid_rate": 1.0,
      "listener_success_stdev": 0.009428090415820642,
      "mean_tokens": 9.38,
      "n_records": 150,
      "n_scenes": 50,
      "sameplay_success": null,
      "success": 0.7933333333333333,
      "success_ci95": [
        0.6933333333333334,
        0.8733333333333333
      ]
    },
    "no_coord_population": {
      "crossplay_gap": 0.10000000000000003,
      "json_valid_rate": 1.0,
      "listener_success_stdev": 0.09933109617167563,
      "mean_tokens": 5.04,
      "n_records": 150,
      "n_scenes": 50,
      "sameplay_success": 0.52,
      "success": 0.42,
      "success_ci95": [
        0.30666666666666664,
        0.5266666666666666
      ]
    }
  },
  "by_scenario_method": {
    "perspective_shift": {
      "no_coord_best_of_k_shortest": {
        "crossplay_gap": null,
        "json_valid_rate": 1.0,
        "listener_success_stdev": 0.10873004286866728,
        "mean_tokens": 4.58,
        "n_records": 150,
        "n_scenes": 50,
        "sameplay_success": null,
        "success": 0.36666666666666664,
        "success_ci95": [
          0.26,
          0.47333333333333333
        ]
      },
      "no_coord_consensus_info": {
        "crossplay_gap": null,
        "json_valid_rate": 1.0,
        "listener_success_stdev": 0.043204937989385774,
        "mean_tokens": 12.54,
        "n_records": 150,
        "n_scenes": 50,
        "sameplay_success": null,
        "success": 0.76,
        "success_ci95": [
          0.6533333333333333,
          0.8533333333333334
        ]
      },
      "no_coord_direct_first": {
        "crossplay_gap": null,
        "json_valid_rate": 1.0,
        "listener_success_stdev": 0.018856180831641232,
        "mean_tokens": 11.7,
        "n_records": 150,
        "n_scenes": 50,
        "sameplay_success": null,
        "success": 0.5533333333333333,
        "success_ci95": [
          0.44,
          0.6733333333333333
        ]
      },
      "no_coord_informative": {
        "crossplay_gap": null,
        "json_valid_rate": 1.0,
        "listener_success_stdev": 0.043204937989385774,
        "mean_tokens": 12.54,
        "n_records": 150,
        "n_scenes": 50,
        "sameplay_success": null,
        "success": 0.76,
        "success_ci95": [
          0.6533333333333333,
          0.8533333333333334
        ]
      },
      "no_coord_mirror": {
        "crossplay_gap": 0.42000000000000004,
        "json_valid_rate": 1.0,
        "listener_success_stdev": 0.07118052168020875,
        "mean_tokens": 8.28,
        "n_records": 150,
        "n_scenes": 50,
        "sameplay_success": 1.0,
        "success": 0.58,
        "success_ci95": [
          0.4666666666666667,
          0.68
        ]
      },
      "no_coord_oracle": {
        "crossplay_gap": null,
        "json_valid_rate": 1.0,
        "listener_success_stdev": 0.009428090415820642,
        "mean_tokens": 9.38,
        "n_records": 150,
        "n_scenes": 50,
        "sameplay_success": null,
        "success": 0.7933333333333333,
        "success_ci95": [
          0.6933333333333334,
          0.8733333333333333
        ]
      },
      "no_coord_population": {
        "crossplay_gap": 0.10000000000000003,
        "json_valid_rate": 1.0,
        "listener_success_stdev": 0.09933109617167563,
        "mean_tokens": 5.04,
        "n_records": 150,
        "n_scenes": 50,
        "sameplay_success": 0.52,
        "success": 0.42,
        "success_ci95": [
          0.30666666666666664,
          0.5266666666666666
        ]
      }
    }
  },
  "candidate_filter": {
    "excluded_candidates": 50,
    "kept_candidates": 150,
    "name": "no_exact_coordinates",
    "skipped_scenes": 0,
    "total_candidates": 200,
    "total_scenes": 50
  },
  "overall": {
    "crossplay_gap": 0.15523809523809529,
    "json_valid_rate": 1.0,
    "listener_success_stdev": 0.028981188675624627,
    "mean_tokens": 9.151428571428571,
    "n_records": 1050,
    "n_scenes": 50,
    "sameplay_success": 0.76,
    "success": 0.6047619047619047,
    "success_ci95": [
      0.5142857142857142,
      0.6847619047619048
    ]
  }
}
